{
  "joy": {
    "precision": 0.681025641025641,
    "recall": 0.7178378378378378,
    "f1-score": 0.6989473684210527,
    "support": 925.0
  },
  "sadness": {
    "precision": 0.5327313769751693,
    "recall": 0.6840579710144927,
    "f1-score": 0.5989847715736041,
    "support": 345.0
  },
  "anger": {
    "precision": 0.7101200686106347,
    "recall": 0.5702479338842975,
    "f1-score": 0.6325439266615738,
    "support": 726.0
  },
  "fear": {
    "precision": 0.48466257668711654,
    "recall": 0.8061224489795918,
    "f1-score": 0.6053639846743295,
    "support": 98.0
  },
  "surprise": {
    "precision": 0.56,
    "recall": 0.45794392523364486,
    "f1-score": 0.5038560411311054,
    "support": 428.0
  },
  "disgust": {
    "precision": 0.39361702127659576,
    "recall": 0.6981132075471698,
    "f1-score": 0.5034013605442177,
    "support": 159.0
  },
  "trust": {
    "precision": 0.7839851024208566,
    "recall": 0.6661392405063291,
    "f1-score": 0.72027373823781,
    "support": 1264.0
  },
  "anticipation": {
    "precision": 0.5821917808219178,
    "recall": 0.7024793388429752,
    "f1-score": 0.6367041198501873,
    "support": 363.0
  },
  "accuracy": 0.6492571959145775,
  "macro avg": {
    "precision": 0.5910416959772415,
    "recall": 0.6628677379807923,
    "f1-score": 0.612509413886735,
    "support": 4308.0
  },
  "weighted avg": {
    "precision": 0.6688354312008141,
    "recall": 0.6492571959145775,
    "f1-score": 0.6520356141610046,
    "support": 4308.0
  }
}