{
  "joy": {
    "precision": 0.6983758700696056,
    "recall": 0.7900262467191601,
    "f1-score": 0.7413793103448276,
    "support": 762.0
  },
  "sadness": {
    "precision": 0.6463414634146342,
    "recall": 0.5501730103806228,
    "f1-score": 0.594392523364486,
    "support": 289.0
  },
  "anger": {
    "precision": 0.6673511293634496,
    "recall": 0.6728778467908902,
    "f1-score": 0.6701030927835051,
    "support": 483.0
  },
  "fear": {
    "precision": 0.6923076923076923,
    "recall": 0.7,
    "f1-score": 0.6961325966850829,
    "support": 90.0
  },
  "surprise": {
    "precision": 0.61328125,
    "recall": 0.4590643274853801,
    "f1-score": 0.5250836120401338,
    "support": 342.0
  },
  "disgust": {
    "precision": 0.5752212389380531,
    "recall": 0.5462184873949579,
    "f1-score": 0.5603448275862069,
    "support": 119.0
  },
  "trust": {
    "precision": 0.7842822774659182,
    "recall": 0.7983673469387755,
    "f1-score": 0.7912621359223301,
    "support": 1225.0
  },
  "anticipation": {
    "precision": 0.6031746031746031,
    "recall": 0.6188925081433225,
    "f1-score": 0.6109324758842444,
    "support": 307.0
  },
  "accuracy": 0.7019629527232513,
  "macro avg": {
    "precision": 0.6600419405917445,
    "recall": 0.6419524717316387,
    "f1-score": 0.6487038218263521,
    "support": 3617.0
  },
  "weighted avg": {
    "precision": 0.6988408326552636,
    "recall": 0.7019629527232513,
    "f1-score": 0.6984059213859517,
    "support": 3617.0
  }
}