{
  "joy": {
    "precision": 0.7457627118644068,
    "recall": 0.6659459459459459,
    "f1-score": 0.7035979440319817,
    "support": 925.0
  },
  "sadness": {
    "precision": 0.6830065359477124,
    "recall": 0.6057971014492753,
    "f1-score": 0.642089093701997,
    "support": 345.0
  },
  "anger": {
    "precision": 0.6779661016949152,
    "recall": 0.6611570247933884,
    "f1-score": 0.6694560669456067,
    "support": 726.0
  },
  "fear": {
    "precision": 0.5138888888888888,
    "recall": 0.7551020408163265,
    "f1-score": 0.6115702479338843,
    "support": 98.0
  },
  "surprise": {
    "precision": 0.4406779661016949,
    "recall": 0.5611510791366906,
    "f1-score": 0.4936708860759494,
    "support": 278.0
  },
  "disgust": {
    "precision": 0.43670886075949367,
    "recall": 0.5609756097560976,
    "f1-score": 0.49110320284697506,
    "support": 123.0
  },
  "trust": {
    "precision": 0.7818028643639428,
    "recall": 0.7341772151898734,
    "f1-score": 0.7572419420644635,
    "support": 1264.0
  },
  "anticipation": {
    "precision": 0.6264236902050114,
    "recall": 0.7575757575757576,
    "f1-score": 0.685785536159601,
    "support": 363.0
  },
  "accuracy": 0.6809801067442989,
  "macro avg": {
    "precision": 0.6132797024782584,
    "recall": 0.6627352218329194,
    "f1-score": 0.6318143649700574,
    "support": 4122.0
  },
  "weighted avg": {
    "precision": 0.6938007153974498,
    "recall": 0.6809801067442989,
    "f1-score": 0.6846307591294304,
    "support": 4122.0
  }
}